Year,MtC Removed
2020,0.002729214479
2025,0.3575270967
2030,1.364607239
2035,2.729214479
2040,2.729214479